UUID,
588495cf-1910-4eda-904d-6554cece83f5,
9412ea72-14df-4d00-8d51-adfb9f1e4336,
a7e48aca-3031-4a11-9efa-4f69d2217f58,
e3fbcc11-b2ba-4f57-8cc8-bc4b83316826,
32e1f669-ca24-4200-a012-67c10a35a884,
2bb559aa-ad1c-4653-b34b-4f759937c6ba,
624a65b6-f5a1-4bb7-83ec-9503301eb627,
ccf6f4eb-e6dd-480d-ad19-e5ceabfc4d27,
e3c10e63-e8aa-4eea-a0e1-24d89d1bf63f,
41c814a4-df60-4c75-9fdc-4754181b61fa,
16229db7-aeab-422a-ae54-098c163d70bb,
4df9cab1-9e02-4d70-8f97-7ab599184e50,
64b1ee7d-87d7-4b17-8518-2b404fb2e33e,
7e58f590-59ef-4ab4-9ec5-d41c356b1047,
c564e63c-9e3f-427f-b564-9e47f8406765,
19265f9e-e05e-4190-a016-76ed8bfdfb52,
82e769df-06d9-4ff7-943b-4f5405058e73,
4e7b467c-17aa-4505-8c5d-d78cf2f3e3aa,
fba2ab24-48d9-4c2f-b637-4806468785b2,
07b3445c-c1d9-4a62-ba8f-59afd9b325d7,
0e294c12-04b4-4408-bc3a-c4a77d577122,
1c39f4ef-ab6e-4985-a1ee-6d0b26b2f8c3,
97b0875d-df7b-4970-8b64-e05c905a560c,
e8e48fe6-2afb-4215-bc33-f2ed020f2316,
bbda9c11-ceea-454b-9446-e08892777b89,
5acaacc8-3b61-45c1-8a86-c0a4da2e3b01,
70908d21-24a3-4454-924c-d6c46d3904cf,
03f4245b-cefe-4151-98ec-122b1756cc7b,
9fde07e5-e996-42a1-951c-ae8e19ffd6ac,
61b607bb-cfb1-43ce-af2a-bbee08a7f447,
69197937-f231-4c6e-972d-f47d354b742f,
ff005240-83af-44ac-9380-8709f49b1778,
97ce0739-f97f-4af4-ac57-29640d969bb3,
d2828fff-a80b-49d9-96c1-12d85762d0bb,
65251aa3-bd29-46af-b5c7-f4a8a900214c,
a090f603-d67f-4664-9da9-5b75cb708430,
d08cf36c-2406-4e11-a656-d0ae6e8a13a0,
ff6af9fd-4b10-465f-9b7d-6ad9e2ea7059,
61c9d906-522c-43ad-ba9c-28754ae1f1ce,
61f52848-8711-4387-85b7-b87aef4f01c4,
bcae414d-9f17-429e-b520-db54c6b1ea62,
fa8e93a6-122e-48a1-a7c7-28f446579b64,
871e488e-cfd0-4ce8-82cb-286258826a23,
c808cc6c-c0c0-4ba4-9d37-3f258872413e,
ba73c49e-59c0-4b0a-8fc9-9944d36dd06a,
7b676479-c042-4741-b15c-3db0d46b4fcb,
40655d51-d35f-4882-a3f9-9315ab8a9610,
52610792-ee75-48e2-a1ab-012aafb55963,
f392e616-5f63-4983-bf4e-c1832d3daab9,
ae1a1b70-ae2e-4261-af42-5330ce9727bb,
e05a6670-394d-4130-a56c-6378ac082d45,
cddb5e07-eaca-4a51-9153-12522dad32a9,
597a786d-c298-4305-8f9d-88b6ef3c5f89,
225f4269-97e7-42e8-8f1b-9e5b27d254f1,
27389511-8d0d-4d93-93db-bbf490eaf902,
7e1307b1-4060-4a6f-97b0-8fb6a3a2a937,
0e7bcbde-fb58-4abb-a2d0-7bc14afaa4d8,
1be106b2-a061-40f1-90e0-38893281c2a6,
9b07b8ff-ee2c-42ac-adab-0ebb22ece2ba,
43130364-0d08-416a-af6d-0d04a21b98fd,
78dd5a54-5064-41c1-a59d-4036c469839d,
acb08edd-dfbc-42e5-98ff-e1cf420eb50b,
1615c6ff-7ea9-4071-a4dc-73714f6d7269,
72bc8d9b-0e80-4d84-9254-736100d785d7,
6a17847e-f083-4d91-9225-477af62c1b7e,
19fbecf8-2c3e-4b0a-afa3-f3516d8b3687,
9f3287ca-a576-4a61-8c50-e6b9472b44a8,
d6d2c19c-6f86-4adf-926c-98400811ce8a,
9bbba04b-aeb2-4801-ad1c-81a91928be32,
5141b6ff-b1ac-4d70-b67d-25d2400fc1af,
c46868e0-3904-4120-92ae-f3f1dd771610,
156a350a-1f94-4add-9f72-1236c2fe21e1,
2925ea21-fa9e-429c-9479-aa5206ef81e0,
ac1543e2-70ae-4323-bd42-5c737cedd420,
f33f936e-ad8b-4a1e-8159-405a92dcf2d2,
c230e97c-240e-4b70-8eef-e90c8864f211,
be0644d2-4413-4c02-b2c4-81d25c9cbe21,
9b786767-697d-45a2-b8c8-02e633fe81c9,
9de0d2eb-e8b9-4e7e-b9fe-fe221134f88f,
b19d6d90-1ad1-4116-8c59-09a8c4b7114c,
8e97d3a6-34d8-4ea2-93d3-1ede720f1c35,
2207b8e1-ba2d-478a-9446-e14aa798c9b8,
15bd85d7-ebe8-4204-95f0-3b17c614ff7a,
50cdb8e8-1e0f-4e7f-9f28-d9d70fa967ec,
0adb6552-b36b-4810-9646-1d3a883fc634,
219f2c29-eecd-4b1b-b0fc-2588302e4d08,
0916df2b-910a-45cc-92d1-f3549e1e6011,
a8505064-a57f-45bd-bbbd-abfe3503d23c,
efcf9108-1b30-4211-91c1-1e9b1851046f,
b35c1e8f-64cf-4081-b2c1-fc56a92897b0,
4d61dc22-5703-4de2-9010-76fdbaf2747f,
100b8c3f-dfd3-4225-96ec-15604063d1ca,
25e9ce9f-a53b-4303-8a4b-b9c7f5d84701,
9d2ad0dc-64e7-4de8-9c37-52b4b6d222e2,
b4490c24-67b6-4ce2-81ea-8e67afcd8600,
c555b9e7-9ece-4103-b5e3-70d8d6c4c7b1,
85a3172f-6f64-4044-abe1-36f052371293,
1e2771c6-50e2-4f26-b360-f5a6e829ecdc,
e99d2030-5feb-4d77-8ecf-2877a3423090,
224be50f-71fd-4b6d-b424-68429cc23342,
49227032-4502-4972-a187-2d7a186c92c0,
efb4a696-0750-4290-b1a5-00e648f24773,
b27bc7cb-07a5-4e7c-b39b-add350cadc38,
1ddae456-7e5d-4f37-895f-98db76374ee7,
e0fbc7c6-7f37-4e0f-95ba-939c92672a2e,
41b4b799-5187-40c5-b6b6-572e04b99275,
85a873dd-12f5-441c-a018-16809f963b75,
8f7d0ec9-fb7f-4d6c-8e22-b33a99582290,
28936a5b-6c04-41e6-80a0-d1860b0cd331,
c001da2e-03f3-4cf9-ad6e-17431fba3e94,
b049b5e0-7992-4da4-8de2-0090412a1653,
3d6f56c5-b372-4737-a35d-b5415650d2af,
922ef131-2706-4ad4-ab65-7cfc9cc11749,
9ca2af90-16fc-4769-9f31-b9e9f0be8998,
4948b8f0-12a9-4440-8eb5-453e282a504f,
09fe66ae-3ebf-4b65-9958-f495678721a7,
79b149b7-c955-4feb-a612-efa18f9b62ca,
5bdd9f72-ef9a-4490-ab30-8ea80cb87f86,
af569bc4-0dd6-4f25-969d-6917cf576f27,
0d0e59d6-9ec0-4ba1-9831-e018c16b03b0,
a750ba56-01a9-4e21-acb9-5d1104925739,
389e2e13-f922-48c5-b93a-f9e0a5e49b72,
87a8a589-9d14-4ac6-85ca-1cf417a3de8b,
4362ce70-f454-47b4-9b48-355930bfb05c,
cab9fb4e-65b3-4e0b-a050-77f043b93a2e,
96c6cafc-102a-4569-ae35-f208588ea189,
a17df891-7ebc-40c2-b0fa-c4e1358019f3,
bbe17a8a-39b8-4115-bec1-64c3d6465a20,
9ea6bac5-419b-4e2d-b188-b42af9ee6450,
7785c412-e3bf-4571-b1aa-36b9cc4c6b3a,
88b48055-3c66-4d90-9b49-61998dbe5a45,
285c0fc5-edcd-4192-9346-790d6377eebc,
30c08e42-eb5c-47a5-a5cd-ca7d43d56348,
acbc6285-3ef8-4131-84c7-f42584dde266,
2d505c26-5ff9-4e0e-9a52-717d6ffb4b81,
d94367ec-b3fe-4a53-8065-0227610ec752,
47c51c73-fe46-4361-90f7-4d12464feacb,
9b905f49-f519-4935-8faf-ea1df1dc60c5,
ed23c551-15ce-45d5-9690-02830281ff9b,
1681bbb8-76b3-4184-943e-76fb30b25723,
898cc390-5bb9-4ac2-bddd-89f63ac17aaa,
0f10cfa2-5faa-480e-b8e8-c556c5a8166a,
852e540e-88f5-40e2-96cd-44810f704b47,
d7ff414d-5b16-4360-a043-6bfeff403943,
512ae229-8cb8-4825-9faf-9214c40c94ab,
718c4284-efd7-41e7-b39b-a3d7d9fc1e7f,
f4090967-bdf3-455b-bb6b-a1ce0493f1f2,
3a8045d2-3e14-4aa7-8ba2-84826b519da7,
8359cfe6-8aa1-453b-aa38-c2b6fe56ca99,
73f99a4a-9eef-4c9e-af74-776f639e0fdc,
bfb240c6-d3e4-4e21-896a-3476f0032725,
79058c01-31de-4890-8650-b9af5d03d9b1,
2e6fc146-cbee-44a0-a10e-ebfb0f2912e3,
ae9b5647-082e-41b2-8242-eff6674a01ae,
2db05235-e435-4276-ad3d-4e62a44da0da,
50fb1546-b08f-4b98-8423-0f54dc75e272,
855c5126-a03d-4a8f-90d6-6d1c0c5509c4,
1f010197-abd2-477a-be24-cfa1bd945307,
ee64cac0-01f8-48cc-a1cd-443a4321a79b,
7a66d226-74a2-4307-a86d-9ba29e6e0ca0,
45cc2bfc-23dc-4bc8-98d4-e9f5d530fb76,
ac3b2966-0f39-4b12-a387-b4b887c85687,
89bd9eed-1ee4-46a4-81a2-aa3860fa7d5e,
44d287ff-cac8-4f11-a89b-70f85f10ec45,
f8fb2477-4521-44fe-bfc1-9faba1153822,
caf25ddb-3df0-433a-b24d-655cd72aa3ec,
372f6313-87b3-4b9a-a8a5-b52ad7d56fa9,
a494d0f1-00ca-433a-8735-7d834d1dcf8b,
ff83175b-1870-4f59-b7ec-93c2655651e1,
09a43927-56e7-4592-82dd-3e5e35e6df14,
5c7e96ef-61ec-4df2-84eb-3f4a8630e9cb,
9b57dffb-a117-44e6-8426-f775058eea1a,
67a5acd3-80ee-4bcb-9bb6-6fe753a8c05f,
4245178e-6959-4ca4-a6cc-f9229f7ad681,
66a50620-e205-45ff-93b2-ff60aae16dd8,
30537954-1ba0-4205-9900-5ce82d544375,
d981fe69-6e69-47ef-b1c3-a9a3fccdd63c,
80a59dba-4324-4d87-af59-489334ceba35,
a370faf7-5b91-4b35-8074-ac58c49cb332,
58b455e7-7ef5-4b55-a952-8f38e25f1bd5,
dc79e870-d770-4f1a-8842-92390f0cd53b,
dde3b20d-3088-4d6d-b325-55e6f8c54a9d,
6dd0638b-a49d-4448-89ac-fa2aa6edafed,
dd30929c-6d8f-4a4e-813a-28392a58d6f3,
0648d571-8ee0-4c53-80de-bd88e135b0de,
56850658-24ef-43b0-933d-b746c83aec45,
71c954f4-5c23-48b9-9c40-7a383def0c85,
512efc3f-3457-4260-92c2-db564989e1f8,
410d411b-4fa1-428f-b6df-c48798822a59,
1326b55e-f2f3-4f21-9828-2c152752d981,
299b5f64-be5e-43ad-9095-e055a3bdc39e,
059ffde8-7933-47f4-8029-8e1989f6d8a0,
ccdfd860-1325-454d-aa4c-606ec5a74a8c,
8c9ef4e0-29a9-4f7b-8912-d1f6370173eb,
c8ecfe6e-30cc-4598-bd7a-6d4831b38366,
f611b4ee-99b3-4b90-b93d-40ca27207918,
a5a9bb3f-5a8c-4aeb-9f19-1c98ae8c5f1e,
e6764e57-f5d5-4d22-bac9-fe7b05a4dae1,
98d05a11-9071-4b02-b2ff-bf30d99f9007,
519aad45-dce4-4ea1-9af1-f4129bbee7f9,
3a7b5490-89af-4525-b7ac-ec85f8fa243a,
33f99f2a-fc4c-4e15-8601-5345f23e2952,
accf4422-5d88-45d6-9df3-ede833ec2c56,
b91f8740-7a33-47ea-a9e5-3785df07681d,
f1ef71ba-2a24-4da6-9bbd-51a00b5f55aa,
8ac7e99c-37f8-4931-abf1-986bb1bd776b,
0445dab0-6107-4380-8539-0c571b4385bd,
71b73b9e-ea43-49f0-b308-a2bd53273a40,
4356abe6-147a-4e9f-a03b-bbe74b752d2d,
78cefd39-79f8-45af-a551-a9fc395f1e39,
ec54cc5f-b123-4fc5-8ce1-4a232bbc89db,
cdd04070-0768-495e-a945-fb70847e7b8e,
a99f82f3-b3ed-4892-9dd2-13c289eedad3,
49fd55d5-b78b-4681-9571-cb0a14b9df80,
dc41894d-0b44-44c3-802b-244d5cc407b1,
1de0f82e-12c6-46dd-b208-0e8047c93b8d,
65daae0d-1c6c-4442-ac8c-259ce5c71157,
70d23364-26d9-43d4-ac92-24ce57c8aa60,
144d73a9-7e19-4106-892f-bef02b795036,
d2a5e575-8634-44df-b00f-3a163f24a9af,
1daf3eb0-b0ca-4f67-af6b-c41b12db6dd6,
38870e0e-fcc7-4e88-8628-08d40c5f8078,
9c5dc892-053c-4932-859d-6fb898651539,
467e0a30-507d-430f-b35e-01d74674de84,
c793d6fb-98f1-4c68-9606-3a056d769b4a,
69cc626c-2d7e-4240-951b-cb1952788648,
d8f613ef-a66b-46cf-aa95-66cf6b3e46a4,
bbf7df69-8cfe-4d9a-b15c-dd106667f3e3,
c004baea-244d-434e-87d6-563c03e3381f,
0400af3a-8e9b-41d3-8cf8-b1fbd169c2d7,
3e789435-6e64-46bd-82cb-a33408a330fb,
2c8f7bb4-4596-48e6-b014-32d447b86674,
e03a40c5-d72d-4d5c-aa57-693419a40ca4,
c8f9bf51-6bd3-465f-a660-c8492322ba35,
6a5a2311-9655-41ae-ae4f-14de78ad552d,
5b17229a-3a20-4ab0-a983-24db4a07a78f,
7cf89aef-e0c6-4a74-af86-22fc5418bd8c,
a5a78ec0-782a-4cab-ab0c-97b919cfbdba,
51c8d1da-9c86-490a-89a1-d1713f961209,
163868ff-134b-445e-aebf-836c4ba74f34,
fc56c073-7ab6-42c8-ae2a-32b2a172de72,
286b3572-6f92-4ea9-a553-e195cdc87816,
aee34f75-5b97-4b1b-823a-0b3e86b95141,
bc4e6b66-4908-4595-a908-d03c59857112,
5c5ff11a-c631-45e8-8dba-9def77ee63d3,
48724f4a-fbe5-4f60-b5ab-2f1b7545d787,
e1fb64b2-2fad-487c-ad45-72e7be570761,
e6fe0030-6e34-4c23-8f7b-0d9713855a7d,
681508d4-7516-4c62-a0f6-9b0d9e65006f,
c333de5a-5d72-4ea7-9cae-2cfa319b8544,
59f61dc2-9e6a-452d-ae81-33580cb4ff90,
99680e4f-8b87-4fe1-a78a-12b7c8b047f9,
30f4e240-4eca-45a2-a56d-802cb1d61cf7,
477f1f30-6b85-4787-9e70-597c529f7228,
cd6a46fb-3226-44a7-b498-1af71535d900,
237de720-8135-4652-87f6-77771ceb063a,
d1eed813-3cb8-4221-b8de-7c30fac7299d,
4854ad52-1def-4feb-897b-f24136c59ba9,
f115cb87-ba1b-4424-a2c1-bfb8933004e3,
d1f1fdfa-84c1-4ad5-879b-c8060e8d849a,
afe87464-6fa6-4749-905a-7927ae00a5c2,
d254f713-38a6-4846-9b8f-6d6af899acfc,
2e5cdeb1-54f7-4c5d-a283-e132acfa9a42,
8b183f3a-bbf1-48fe-ad81-fe726000fe30,
58bf9375-130e-45a0-9080-601f017e926a,
65c445bb-a0a5-43ce-aa69-396bcbfd025e,
84bb7ca1-c3ce-4dc4-baad-f011bbcb00b2,
2c52e3b9-ab8d-4851-bfdf-97062bd0a45e,
33e8e148-82dd-476d-9f8a-ba3655c4d393,
a82c0b46-abd8-4906-af7b-00d484c0112d,
e7d14664-65dc-49cf-9a06-3eda920fb7a4,
89d78b17-f920-4c29-83f3-39cba2c0fd35,
6c66c25d-40ec-4316-ae84-fbaf1f792e82,
b6c913da-88d5-4ddc-aaae-1fe3f4db1dcc,
cff54577-3fb0-42ad-8c4e-27821bfd9e66,
6d159bb1-7c58-4c67-a5e5-e44d2bf9d6fb,
7260ea23-ac3d-4ddd-a9bd-d36656b0ca75,
feb9f090-3763-44e0-b007-6455ab7b6476,
d6576c16-d56a-4d16-9c94-c43b5f927611,
84bb235a-69a9-4d5b-a1aa-fbbc75cee11d,
b01e4a07-ce41-4843-a683-3a75a3a566cb,
dbcd66b5-bfc5-4b45-a9b5-98b0d4627db6,
eaf5af87-0c6a-43a1-87f6-ad89c0589c9d,
640dcc2f-a1b0-4a76-8ae8-2928f02874a1,
a5a068d4-958f-4d71-9b5e-83e08f2c92c8,
8ec38276-44e8-48ba-80bd-41f094072768,
b9ca9ea3-8f5a-47f0-8616-81dc6c0a264a,
a5cf9d74-2b43-4c64-8fda-f226c849f691,
12481733-d7a6-46eb-a85a-fb79085c515b,
11312d62-0277-4423-993d-a8451ef66d4c,
c2e7d286-0bf4-42a4-8c67-37bae61f665e,
9a988b5f-321e-4008-b111-9c16fc0a2850,
77d57871-b55e-4e58-b27c-a0a274521bdb,
71709de3-1d67-4d7d-97cc-0afa55945b1b,
d9e36d00-c118-4cc3-a2fa-668af171caec,
b293568d-7b30-450c-8b1b-1d0755757a83,
00f8978c-4ec5-4833-ae3a-a59eb05d2f46,
2b129d90-efa6-48f7-8994-79539969feef,
b711fd42-9619-4adb-9ba7-746cfd11a531,
15a8147f-ef14-4536-a75d-d6672f37412e,
002206e4-808d-4f03-b508-d45897428b25,
c8f71420-87e2-490e-92ab-b942eb197f45,
5ec0085d-5baa-4f4e-8cd9-29b2814fc839,
eb5721b1-0249-478d-8fe1-ae06964555cb,
7cac28c1-1581-4193-a338-1af088da43d1,
ae6839f6-e170-4183-8194-c6dd37ee9182,
0b5474a6-6543-4195-a183-d88ad79e879c,
811539a6-c947-4a85-8f56-8cd6d0bbbf2f,
012e9e85-c228-4ec1-a790-6215a63dbfe5,
3bc424f7-795c-45ed-871f-6dc1efb3cb4b,
ec3c372b-050b-4c03-847a-2e0248152f79,
bdf67538-83ca-4f57-8cf2-e0823de0cb88,
f665267a-23b6-4959-bc34-56d323828ecb,
29a9194a-16e7-4ead-b62b-8629034d9ba4,
9f461fbc-36ed-44d0-a097-988e70d19525,
c05cf23f-b236-406a-ab43-7838e67c0592,
c93f90a6-2ec4-4a46-a577-104793fd6dce,
ba251979-b20a-4c46-abcf-022c0eb0a3c5,
d4c15874-8fdc-49d8-8b58-477072d01cc3,
18c4f11c-2db2-4287-962a-c27dab843559,
d4ea06f6-04fc-4009-a187-caebdb5f33ce,
4dc19b6a-ca68-4039-9780-29be89d59c12,
b6e9a16b-8432-4008-8121-60d6534e707a,
f6614b34-73ec-4626-a651-9944a81d7ea1,
7d41c165-79c5-499a-896a-09afaeeb6f24,
e4efd77b-756c-4d13-8f2f-8527b4d61437,
20b28247-b94e-4c81-84f0-eb66d7465ec7,
0169ef4e-bdbc-41ba-9cb9-044c9617882f,
5f38bbf6-d924-48ec-b9a2-12bb4ce0b68a,
14ea4d35-9560-4a97-b91e-cf88ce3558e8,
6dca26b0-f727-4ed5-acaf-bc9793b3944f,
6c4c6ef2-718c-4327-8818-88ee2f18fb0f,
68807def-da88-4521-a4aa-03c8d2f8b6c8,
6e897891-4398-46d7-aa34-a75c9b1aa945,
139c66c2-e2fa-4601-9749-709037a23c49,
53aed1ef-1718-45a3-9a2f-dc6e25cb9d07,
04cc2b66-a615-4e1f-a44f-892c0c1dc2fe,
3918f986-602d-4368-9580-aa31faeaac71,
c1604b15-fac5-4e8e-875b-d00c0c7e3138,
0270047f-edf6-4089-bdfc-d5a7f401e5a4,
bb573dc9-3e14-450c-b8be-174fc11c54a7,
6037c3e7-ff65-4b56-af2b-78e1ec72e21c,
7d5066e7-77b3-406a-9496-4fe518ff4623,
85328ed6-d07f-418b-9284-ce2936d6cb16,
0555ebfc-cc19-4c9c-861b-7cde321d09ba,
8e39b356-9e61-41be-99ad-922f4ccd29ed,
3601863b-7648-4fc8-8753-167aabc6cc0d,
dd83b6af-c353-443c-89a5-d649668ef96c,
4186ca53-f370-4bcb-9424-518ee8e004c3,
dbd2ec89-1556-41a1-a5e9-8485e3f4b871,
7b5983cd-6d80-4d46-b74c-b9fe68d66ad3,
d02b91e9-8ab7-4b47-9107-a44f04343862,
49c9f1b2-8617-4fc4-80b3-78915f9cdc97,
c963929f-daf2-41aa-9830-80c82cf4027e,
3d5862ee-bdff-4250-b909-2d03cbb09277,
0f3447dd-0662-4111-ada9-fdea406a9d0f,
53c7a967-cd5b-49c5-a7be-c79390e00017,
888f023a-9c1b-4aec-a2fb-c3ce6d68b09f,
e1e03da6-c1eb-467b-a353-9ae885db2867,
7fbd0b30-2376-4838-b5e0-648f110dcbb8,
0c581a60-827f-4462-a8ab-07a29d409fd6,
890446b9-bbd0-4e77-9e9c-18f420e7783f,
52bbfce0-6001-41a8-bc69-5d0211752c6d,
1e65850a-45fa-4da9-b316-161b9bb590a7,
99e36281-08dd-40c5-b4af-78f83a0bab67,
8cc26759-0165-4b3d-bc0e-9f72b86a96cc,
27a05980-e312-463d-8f4e-49e8068e3880,
69331210-19ab-4272-9db1-2bbba59be199,
bdb2dfa5-a1b6-4e57-a561-e9ea9d12d772,
bf65530d-3df4-4c35-9024-d93a371d37a9,
de9a8391-6f44-4ca9-bd53-1edc153f2811,
3cc844f6-5a34-4520-875e-936d0e753855,
535d2658-62b2-4d9e-85b1-edf1bd9e44cc,
34ae93d3-eed5-4bd0-a5ea-17f91a7449ea,
d895e4aa-4b8b-42e1-9465-020d7f34d7cd,
9cbdebb9-43b1-4a05-9599-842ef7e019d1,
b7d6eb54-6380-4ed8-85ce-1336697fd6db,
52f1d1aa-1afc-49fd-9bde-20f0a5b3677c,
257b6520-8fe7-4003-9a6f-61577944d4b4,
e4a4a41c-b99c-433b-a0c6-03b799cadc3d,
43c9a645-0d55-4397-a743-c7bee7272b89,
39a800ed-a1bb-4f96-bfe0-f52735731c3f,
380fe671-b456-4c89-a3b7-608cc7d1cd01,
d4482f9d-7fa5-4541-a594-9840bc151711,
40c3c5ca-ab29-4930-acaf-379dd0e55136,
68519194-7494-4813-b721-d23d4c148202,
f2a45e23-419f-4351-82c5-b60c6aebad08,
274bbe3f-a0ad-47fc-9cab-eb9bdbf49ac5,
40b79081-ba14-4e72-a256-dc8e0f65d172,
c64f75c0-80b1-4c2f-a7df-9eba74004c82,
b093119d-2787-4088-b669-7c1b85490569,
0689f6d8-e6b0-4d3c-a614-026ab2c3d1d9,
3c5d92f3-d09e-4f1a-b379-10b681b22a05,
29632b21-76ff-47c7-8341-1390dbae06d8,
8827c8d3-2cbc-4886-9723-aca6766c5f70,
21eb4956-dd2e-4ad5-9e95-dcfaddb14923,
ce8086f0-94d1-4278-9094-3be78e336862,
1be36767-1f7f-45d3-9dac-627e06fa5b02,
fcdf7aba-af81-4ff8-9bae-354a48546ad8,
3f57a6e5-eb6f-4657-adb8-0d929282f996,
73f2792b-8566-4077-99b6-b8cb964a8e55,
e465368a-e3fa-4bd4-8389-20c72ba0f9f1,
327df7f3-c45a-4205-8cf4-09440e3cbce7,
ea2b58f5-f193-43a3-8ac4-b8b0e6291b38,
c9591623-da01-4db8-8893-66505328eba8,
ab3446d9-cca8-4a31-bbe9-6e50b3166d64,
e9375f50-68d5-40c4-b9c5-682be129f6e6,
7e1d9162-8307-4ba6-8ff3-2ce28f2d4d03,
2916628b-71b3-4e53-94c0-6a4943c4f42f,
0f4baedd-1b73-4f5f-a497-3ad3abb0bd09,
ea37bdcc-de0e-427e-8427-f35f426f800e,
9dce93e2-0beb-468e-9d4f-2c3ec7f0b2a9,
86493de8-5150-4918-81a8-c4b038a73e84,
7a97da43-35b1-40e6-bc0e-f6bb2366be08,
d5cbc52c-7fec-4a12-9ae5-bebd4b240609,
26d5e753-3b95-40a9-8282-f2903dcce755,
1d7b3a6e-11db-4b2d-8329-88df9b47e1a8,
e2f31ec7-afe9-499d-8b04-e2f6d237f540,
e0fae066-c44e-4759-b75f-79bc47d5ff63,
6e93a794-4ade-4c72-90eb-93396e059291,
3402dad8-05a1-49da-9b3b-c5300cf36aa4,
8e6ae173-7eef-438b-8c46-a0a9fa3f7a8d,
9b9e5bbf-80ac-4a07-ac45-a9e26ee019ef,
e3dc1766-6ce2-4186-9a48-79e383191b21,
5c9b3d99-d67a-4a9a-86c1-69f82bd0ec84,
3b3e18b2-54b3-4c66-a2a9-5abeddbeec0f,
30f0a78e-ce1e-4805-b384-fc34635d2f1b,
38dbeb80-9d67-49a7-9948-ceb0af2d62ef,
3c27231c-0539-4363-9afa-d5ffb8914ed1,
3ed9d787-e399-40d4-984b-2094e7e868e8,
dc0467cd-50b9-42b6-9d31-52e71b2dc408,
1daef16c-a778-4892-aa0d-08c8f27e45cf,
10ea570e-24ec-42f0-b62b-ade80e624c7d,
04eb31a7-a109-4aa0-8cc6-37af6129f29a,
1053fe29-31d2-45f1-a5ed-2377d0b445d9,
54d0639b-37cc-4ca6-8cb7-a3868cdcbe74,
0fffecc5-15b0-4c40-a2c7-0c69028fbb10,
ae09a095-bb4b-4082-8ff4-d8ac5b9e0200,
4c248100-90fd-46a7-bab8-2f4ce178e220,
4deea323-89b3-4bb3-acb8-6e4c35189f82,
565cef23-1294-40a2-8059-9c81f2182241,
5fbccb58-9c12-4351-8af3-2d1b72e519a0,
e4b9a0a3-8ec1-4ad5-a29b-0bf852082f9c,
cb59c867-980b-4d9a-b144-e27c8c6502bb,
30cee441-c3a9-4933-9d68-637ab577a064,
3d3c327e-267f-4bdc-b5a0-c1578672af7e,
a5ce0eca-fbc9-4479-ade4-b83ea3548eed,
5e0b466b-5357-4960-887f-5fb1dedb91cd,
7598025e-5563-48f3-85f4-a6b8308a9c40,
7073e182-a089-4ba0-9f6c-b2c66d661d70,
cbbc16ba-e087-4aa3-bb1a-95a04f923999,
810f98fc-d3e0-4db7-b8e3-f47984a7cf7e,
11b06330-e4bf-456b-a6cd-63c8ac73ba8e,
1dc982c6-808d-4a36-b022-caf90308fcf2,
a8990a73-fcce-4ed9-9c01-500c34716bfd,
eee7ec55-4fec-45d7-afb6-a236499a217f,
3e47687a-ff2b-4565-8019-d8d1339ce84a,
f4843b2a-3d11-4162-8d04-98309956d494,
c179cf11-be7c-4f0d-9181-f831bc17620d,
62328797-2143-464d-be5e-3e589af1b419,
d14cdbdb-63b2-4a10-a8cb-b6b89d2e9cd7,
529fc52f-eb11-4973-802e-3d85d37e8787,
926435e5-b3b9-4bab-8e80-106a4203b1ed,
5de04942-4800-4153-9fbc-c6a5a6e0b568,
aaefced4-9f14-424d-bbb9-b73aa751d9ac,
ed93e2bf-dc9b-4f27-a04a-2b42c81b54bb,
d009871d-ca3e-4f94-9c67-692746c33360,
80d4c1d9-23cb-44d0-bc57-1747fa32709c,
2d67f7a0-3e6e-493b-a1b5-2433deb1981b,
990c3002-64fe-42cd-a9a8-2decd9df6f25,
1b778197-41f4-4d79-8085-e4f4105c352a,
72913fe0-cfc4-40cb-bf59-4e68c5520d6c,
06e5e90c-38ce-4dc9-9e11-f59a69456801,
3f7bab1b-45a6-44fb-bd37-06ffb51ba787,
1112e0e2-998b-4aea-a39f-e79767fb33b7,
0925ebc1-9b79-4518-9cfa-38b849034333,
52a89149-4635-4aeb-8e8a-aa141c24cee5,
4184954f-bbe2-4e22-8839-ab338d7dce0d,
629bcd08-bbf4-4f0e-a64a-0975767c0aa9,
2d6d42a2-0995-4c33-9b07-885ee73348cf,
a112e10c-9454-4272-9421-51c8dcb50d66,
43ad1d27-27b2-4370-8a58-8bd29ac101f5,
08952ff8-d644-4bed-a331-7b4c90b269e4,
e8560dd7-4ddd-4b5a-9f08-a3f33b90aad6,
e2f54069-2651-4799-ae8e-9b18796b7d9f,
d2edd8c9-dab6-4c4a-b34b-4307f2d0be66,
8a16037e-ed37-4adf-b0d5-b40f9cfebbc9,
2dbd8ef6-1532-483b-8024-9231f3cbe470,
8bb2c33e-5cdf-4d8a-aa24-87a2bb8c99b1,
9ae60a2a-17fa-4f6b-9b42-1edabf2b28e3,
808496cb-74a2-459e-8676-318d7c2042f9,
4fab5cf8-00f2-48a7-aeef-64db2217a78e,
eed200b2-54bb-42a8-a53b-cf7d0a06baea,
9e861ead-3bc1-4316-bc70-f29961070caa,
f2c8d53d-d59a-4219-8f4c-2c3610f00c31,
00e56bbd-5b37-4eeb-a021-82f3665e6b66,
60cf98b7-db1c-4758-8ef0-8ebd8b27294f,
41d9d61c-d3c5-4b1c-8e81-ae963fbce91d,
62dd5532-cb26-4ef4-b4da-1cfb9c0c6b54,
c475568f-d342-47c0-aca1-92295f2ec1ad,
804cb00d-faa1-4637-baa6-6da5a5e86c02,
78098110-ac31-427f-bd97-420bcaf8ef71,
5208dc77-7e9b-4e34-ae59-435eb9f69c4c,
8b1ff49b-a3ab-4bba-a947-8a5534d5a053,
db28ba98-0467-42bc-b60d-dafa80b2490a,
6d517a85-7992-4f5f-8c8b-ae83b556c6a5,
6584e4b5-2eca-4040-81f5-e3da7c9775ea,
c9d9e623-02e3-4d69-83ec-54e4162587af,
2682f94e-6c88-4a7f-9675-d4343d4b8e94,
d744221a-d43a-4745-b02c-6e282044cce7,
41065b07-d93d-47ab-ab9c-1651703e95e4,
dc2837c5-640b-4ed9-8cdb-aa0afc17400d,
858dabb8-bbb0-4957-9a0c-ea177aea08eb,
e4766da6-bea4-4b6c-a5e7-41205c270750,
4e5d8be1-06e4-4298-a383-a59bcbbbc286,
e9bd23d6-7fc8-4911-855b-a04d0b2ff09e,
c0cafed1-fa66-4cb0-820a-d38c26a5fe28,
d8cb6a28-a3f3-43e5-a101-a08923075153,
e513df92-e8b6-4312-8938-0c9ee5ff8fe3,
f9f4f30f-8ae6-420b-8348-5ad5b12164b1,
188dfaa1-58bf-4a97-91c1-2c939fcec615,
ca153c9b-55b9-4967-b9a0-dd1366236853,
5e5629c3-9c10-46d1-bf42-0f1fc2931a8a,
4b4dd0ac-baf9-40b6-b1bd-fb0c4ffbb267,
2e9bf37c-144a-49cc-985a-f6909d634aec,
73554683-fb95-4bb5-a544-2071ab058318,
6d8a10c1-e56d-4171-9480-6af089b4a430,
0269f4ba-e9ff-4d15-bd1e-8b24e341f5bf,
40c3eb5d-f42a-486b-8fda-720a6538002a,
a3c9e3be-7979-4329-bf2c-b3529a8cf7ce,
f3ef3a35-2c1c-4b68-b7cf-9c285ae2cbef,
1d4b45b3-89ec-4775-b155-a84b0c765522,
58f35d70-c887-46c6-96db-d3ab170d27b5,
4bfdb589-893c-432e-a4a6-c967b8e0560e,
cb7182e4-22ae-4c75-854c-cd8cd269bda5,
39a72c4f-a542-489c-944d-b13023e71afc,
8c5fff19-c2bb-4dbf-af8c-8c4fb762fb54,
60efb573-2ad7-4698-a258-91f1b7dc3ec3,
8eba2aec-e916-4cfa-93d0-6ba9abd5e8f3,
b517364e-fe80-46ef-a8ca-4ac12b8cf174,
f74230b6-f2ae-4149-8bbb-14b496dd7734,
810f6207-1a80-4057-b0d8-0fa1966b3c62,
e6f525f0-29ef-4a59-be85-57d584657bcf,
0f9312b7-6518-4919-bb41-c4380e65012e,
d5590100-6c9b-4c4d-97f9-0cd1b6a80dc7,
92b11bcc-9ec9-4e58-8bc6-29560cca7ce2,
4295ad42-a733-47e2-8057-3ebae08f73f2,
d70c5871-399a-424d-9bc0-c15e620562ba,
f4e856a7-9ca8-478b-84d4-66f519968afb,
3df89861-0038-4d70-ac19-3630ae1bc4c4,
7e009e52-a940-4cb8-871f-b2b77b020531,
bba091e8-8c60-496a-82e4-cb9c68cd9736,
7e9a8a55-9662-48a0-bf1d-5a737501ef57,
b50155d1-0fdc-479e-a4eb-20389e00f16a,
8705e2cf-16da-4ca2-9e5d-598048a09c3c,
f5daf0ab-7494-4849-8da4-f640717772e0,
a5262ff2-fd3b-4d18-9273-b1b2890cfd8a,
fdabc89e-7116-4c3d-b0de-0cb5e08e79ff,
af1afd25-630d-403f-99c8-9464cb64acdb,
a126e478-ac54-46da-aae7-45f630b58651,
5ea741bc-f32e-4f7e-aff5-e2e9ce5cbb4e,
3fc2d435-785b-4aec-aa44-f1c121596c3c,
e5fcc9f1-c019-40f4-9be4-defcb8a05dfb,
90341526-3b82-4983-a7d7-c52c1f03e062,
32020dd4-db52-451f-8e5d-a3630372d26b,
77ee9b70-e9a6-4657-934a-7efc0f5528e6,
261a369d-14d4-40c0-8713-a5afc1941335,
88039af6-4036-4f1e-b342-b660a3abe72b,
4b7cccf6-62e3-4e77-acd4-d8261ad17052,
b61b79f5-055b-4d7d-9e18-0598e0ebc8ed,
9aa911d4-d00c-4b1e-a9a8-6ec47083eb81,
ea751194-9d6c-4020-a0cf-2966edb9a8ef,
c1204c9f-d856-4548-acb3-8b1e004bc09b,
d027eca5-ddf2-4a77-a022-c3e5a4d114e5,
644558e1-2f56-4692-84ef-0ae482e90f59,
da3f800b-fade-47e7-bb8b-19965e8b8890,
82f0cc56-6cf0-406f-8515-9c89b382ee06,
f9f74ad8-f85e-453c-b319-3568c1ad02d0,
59fc4c86-3044-4c6b-a36f-a4a1ffb6c27b,
083acd73-7908-4055-bb17-6e5bdf63ac34,
010cb8de-5d65-49f0-a5b8-5e14e8b34b60,
7c1af92e-510d-40bc-b7fd-bb19dd53258b,
fce9f5ca-9066-4d50-a5ca-f9aa6eaa15d2,
ebf55477-5019-44a9-a803-07ee6f9460ea,
16997221-0967-4ffd-85e7-45b0a41b2edc,
af964f46-3bc3-4701-b7b4-613875c0d08b,
36b46c8a-7ace-4d95-95b2-26d8e0b7dba5,
f6b9242b-8edd-48fa-a7ed-8db440cce55f,
a2ff49a2-ae95-40d7-897a-985c57d99475,
65b4db70-3c71-4040-b689-ce0828bf6606,
f7ee31a5-5e15-4d27-904d-8ef98606a416,
2f827bc2-77d5-4748-809a-aaa12e1468b8,
280306c2-ada7-481b-aee6-bd4c7bc88728,
a73686b9-a561-4691-b735-43b79e4f2110,
ed8c6ff6-236d-48f3-b287-4f4a35a5ab97,
0fca0e84-ec07-44f0-b3f5-0e884b62cefe,
3c57aa03-7ade-4a46-a038-3148ca328e27,
2bdd4b30-3ab7-4eec-b855-c372de995c89,
662621a1-1653-432a-bb81-54ed3ae42c6a,
298889cf-b03e-4d8a-8c2b-9186dba2e34e,
7501d222-f657-4ef0-80f6-9eb4a5f77913,
a8025878-683a-4291-b06a-cd404c40aaf7,
0bb37eda-cf3e-4673-b251-4b504c898360,
3580d6ff-946d-4f60-a90e-2f61c508a10b,
18c6279b-47fb-4d3f-804a-bd9f7ac24bf9,
9d98b934-e50c-4771-aa4b-fc5f74cba689,
7644dfb8-7977-49de-a5ba-2fcfed970ac5,
0d90dc19-61ce-4cf2-9c95-d90f18a6b40d,
ca131084-7316-4682-832e-f417f45bc1eb,
e2315aca-7de3-413a-9a58-6231eef057e4,
65a4138a-9bc6-4bad-9317-faaecd5ad2cd,
bf6c842a-680c-4e0a-b40e-1bce509b016f,
ed4adc6d-4e97-4970-a51e-3a065a1ef40b,
a02189dc-9f18-4a26-8874-209091ee54ad,
df23ffb0-1f8e-449e-ab56-83d52807f159,
b5980482-0ab5-48e9-9ab3-f61ddad7855e,
a44be573-dd2b-432c-a949-a75260a912a3,
245643d7-4ed1-40cb-80fa-15ccd2ec3279,
7c645f66-9ca5-4bbb-8d1e-28a387dfa1b0,
f2d381fd-cb4b-4da6-8e4e-cf11dd305a00,
3c415aa5-c5d6-453e-82de-2701aa68730d,
bac17bcd-3b4f-4edc-9312-eb09644c9143,
634638b8-a0f4-40d1-a50f-78139b429d04,
1e83610f-8640-47a5-a0e6-55142e5aba2f,
4bdef553-eace-440b-8012-c6eb56ea75a2,
641dc386-a445-4b16-94fc-980af7b2cd71,
1450de5e-bb37-47ca-b031-bd6302340ff6,
64b65a27-2b6b-4167-a509-5b6da90533f4,
195bb10e-9b14-4c6c-9062-232417301337,
76e05a69-3217-4c45-bdef-3a2570157f2e,
45228fbd-2b03-4dc5-bb99-723a15c2cad3,
68a27b3a-becd-41de-ae1f-02e4bec5f45f,
91bc2c0f-4c58-4a2e-a9ad-a464d2b4b8f5,
24eda8ae-ef3a-4ef0-bb9f-0a966f3ea86a,
496ee4b5-afb7-488d-8e2c-ee16b9c35ccb,
3c5adb74-c6e2-45df-8ba0-8ca0f5704f1e,
4b3f728a-2c29-4f76-a844-bbfb6c645c08,
605d2832-f4fc-4eed-8d1f-80e1ecdc131a,
51a24951-3169-4877-8b99-1dcfc271ea22,
aeabf6cc-d3e8-4a79-811a-81e0d43363c1,
44244474-97bb-47b3-be4d-856d43178197,
613f4403-8ed8-4fa0-b7aa-d5c582d6691e,
ae7dc3d0-7f22-4f32-a7ef-45094e982d1b,
938af380-1cb6-4266-9933-b73d4b565afe,
9945b9fe-5c33-4647-989d-4a574907e83f,
3f4181a2-b9ca-45ff-96f9-d986b0816c57,
8714c1b2-1589-40f7-a485-163fa14a0578,
5fc21233-8d94-49b9-ba6d-8b10b5cbacfb,
361fff72-825f-41ce-862c-127524b29858,
1a27a36a-e0d9-4449-9140-de337103450a,
1584f184-3f28-47bc-8313-d9ea51ed6fa9,
e0c1b238-ce30-4358-856a-6589e8ab0f3e,
4d60344c-bc53-44d9-b0e1-bc7f0beb141e,
becfa41c-2d36-4615-8085-9d34f3cafed9,
759a340b-81a6-4499-a84d-3c1343e3d409,
cefcdaa0-d242-46e4-a389-e4e9500faa5d,
adc88072-9045-42f5-9c08-31281c8d5b8f,
0fecbe12-99c0-487f-9b53-f3ff62ec5aad,
08d180e4-16de-40c1-a0d3-cc771e1ee141,
c8241115-5844-4567-843f-65c79c038a20,
d9899463-4271-43af-83e4-6c0ac213419c,
dcc93b7b-e9af-4d52-8ca3-8d275c561947,
b08ca728-4fe4-47b6-a253-7a8b734770f0,
d2f2d975-73d2-40ab-9c99-e9c0260033b7,
2fb3569b-a576-4260-8773-57ea92354dff,
fd9f5f14-5ffd-433b-a71f-f9d1310ae4ca,
af99d06d-723d-4339-bf9c-3fc73b3ac6e6,
df3b5ee5-ad3d-4671-a221-e45d97481dfb,
6ed385ed-0336-4b72-9f4e-76c7e81d2a0a,
c2a61283-437f-418a-b67d-f8931f50e4c7,
1ad9c1e1-cc5d-4c76-b49c-329a535a6458,
acf71be9-a54e-4d71-b6f0-4cf9b4ebd446,
1cd74858-6602-40f7-97d4-1541884c503d,
98c66a24-5acd-4552-b168-3481ee592b87,
590cb707-023d-4c8a-8209-5725532d0983,
b877ecf7-2d1d-4319-8995-180d3aa6e99f,
b504f721-96c3-4df3-8f76-133851238c36,
dd2b2cd5-e26d-4571-b265-0a5f2fda7515,
3fb46634-1db2-46cf-8d04-0d0b07e51f12,
64234568-e6a6-487c-97b4-a338b9ebb525,
3fbbfeb6-84ea-4cce-a9ae-54be01ca83b7,
3a4da021-712f-45dc-9514-98a716201bae,
e236156e-5937-4dd3-acf0-594b4459cb35,
71c31138-7f11-46cd-b7ba-447c5186dfc4,
7bad6eb1-ed29-4f2b-b22e-20310587d6c3,
9f016d8f-ad01-475d-894c-ebfc960391b6,
9f8ad6d0-3ebd-453e-9f35-986913f3f120,
27319889-fa60-41ab-87c0-cb0bc2328733,
f18965df-d6c6-4324-a863-56f30830319e,
c7e61d04-77f0-4881-b182-aaf19fbb39da,
55db637f-e3f8-4659-b005-8b15dd09dc0a,
0ba898d7-3de8-48bf-957f-ff61de82b667,
50e20613-b896-40d5-b4a3-ade503835432,
bcec215d-c7b9-44d8-9518-975cebf82b01,
3c808456-b89d-4363-b44b-8eb580e37f9e,
53d87dd9-171e-48c6-9e1a-77b5243797bc,
9656012e-e677-4c3a-883a-e40c322de05f,
ae660b87-252c-44ed-8f71-563761e34c0a,
35bf0909-840f-4940-aa2f-0802f5812ad1,
4d2fbdbe-649e-44cd-9a2d-22e18dcd3375,
e50a62ae-5d41-41cd-80d0-9d910ff58ef9,
caa1d8cd-0be0-4132-a6f4-29d34f9c6dfa,
6fa97d70-55fd-40df-ba67-ebcbc22cf0cf,
5d736b35-4e86-46d7-be01-a5621b869b45,
4e0b24c2-0e89-42be-92f0-1a4aca159a2c,
9fd767e6-d722-4e3b-ab0b-4f98ffaa45d4,
6931e26a-6598-44bc-9e80-00afe69dcc30,
6a7c550f-fcca-4622-aef0-9f22a5041ec6,
1a0ee075-3550-4e8c-9963-10776551a660,
fcd8d319-2e01-44bf-b526-d69ace7a7d40,
bca18381-e058-43e8-87be-b972aa347b47,
c426d109-efe1-4f11-84b9-0f9d6e818c1d,
7ff98578-3a8b-4355-91f3-a7afa106917c,
618f60c8-b8c3-4e88-baef-8dd87ddd2f21,
2c0eb687-00eb-4679-aee7-520a35f5c96d,
8ee407b0-338b-406e-8f90-2fdd6badaab6,
c68c5498-976d-4cf5-a5ea-232434100251,
0cf78c71-2403-4e6e-b1d2-b01de70f354a,
6551a77f-6bd0-4a3c-b5f2-b363ed6243f1,
9e05f797-774a-4404-b54b-133691355c5f,
89f100c8-3759-42fe-bbaa-e595c202d536,
86b6ae8e-5339-4a99-bb91-e880693be0ad,
39a7f47d-f67c-4c19-aee4-96ca3dd461d9,
02048558-f7fa-4fb6-8e16-9d0682ac5347,
39757375-bf40-412b-bf76-7d056bfde944,
7325d856-4bf9-4fa0-b8eb-cc65781134d6,
9b222d17-419c-435c-9015-59d86df6dc21,
1ce598d7-4e4a-4da4-b38a-cb9798aa4073,
3f375cb3-0abf-4c16-8c35-50e5f0b007bd,
43682a5b-7ffb-4678-9184-345d273ea9cd,
1ed92af4-378c-4909-9adf-06a3a214f1de,
84548961-0215-4e93-baac-27ccd97f7fe3,
72e13256-256c-4e09-8f4d-b9cd503f2f62,
13087867-ff27-4399-a0f0-0e08dac381bf,
5509b88c-4dd6-452c-b2e5-30bcbac75e68,
9592db9f-06d4-4f6c-a0d9-687b33f738be,
8b74b0a7-548b-4f93-bb53-3a844bf2473d,
336bae87-1add-4d1c-91d8-3aada580f977,
5894cbff-5d41-429f-a7e8-a9220df1fd31,
a1809dcc-e9b2-4a2f-af29-03f36e8fe80c,
82e7b1db-c0ee-4d41-8dde-a001ac3a9b8e,
ce1f50f2-de7a-44c2-952e-a0f859f2fc2f,
b0297fd6-01fe-48be-8426-698cb9f72ac1,
a7ac786a-c9cb-4343-9135-8dfd03953639,
b1c1a0fd-003d-4984-81e3-7ab6bb6ef091,
f48bae96-09e3-47ee-a478-c2f64b888c4b,
b56f127b-e12b-4657-bfa1-f13d873ea0d6,
f8ebab9c-f228-4a74-a62e-aff058a8d6e3,
0fb0973e-653e-49fc-8df7-bb55807e7ce4,
76691745-d22f-4a51-aef9-e54804b3586c,
36f267e1-bc00-4240-9d68-e008d96a474a,
415f0932-7ee4-4ea0-bf6d-66ca6dc3b4fa,
2530a30e-ab3a-43b6-bd65-67737c7d99ff,
a7160623-2b1a-4dfb-adb5-8c7e3b64caa5,
5c79c237-0dfb-45e9-a139-f1bc98b25870,
baf5ab26-44a6-46ee-a38e-cb851da31592,
76dbe11d-d779-4de4-a1e0-159137d0a9c4,
1ede5c8a-4d0c-49aa-93fc-e426977084ca,
b2b80a5f-fdf4-4737-ad5c-6e39d19064ce,
27f9071c-9867-4237-8df0-f93cc8337a80,
d2d96368-1cdf-4e72-b737-e1d22d097499,
5b4b1984-a2c2-42b8-a653-c9a7adb24903,
aa4b208a-4c79-4b1f-8f98-696032d26363,
aad19c4a-5cf6-474a-ae90-49967ae895d9,
10b09cb7-0195-4eaf-9e11-a970c84167da,
c8940751-bb57-4650-8968-0be4c5c3d910,
122e926b-77e0-4bce-a196-43be0d15bd89,
8cf057af-fc77-42b9-aea7-4e887b6e9952,
9b301e59-95c9-486e-92f1-9071c3270f50,
b1ee929f-2b28-4e16-b6ad-e3963dfd3ad3,
7bad2989-3757-494e-bc70-b0f6225b7d45,
e9b60820-ece3-413f-a946-5cc5b5061089,
c8c83cb9-3401-4970-a186-47a64c851047,
7a1f9db5-e159-423c-8a35-cc9995e887d5,
524b5ebe-d2f9-4f21-971d-4cad77d0cef9,
95933d6b-4f5d-4f4a-8dce-8689750958a4,
31344d2b-76ad-4091-873c-d9e4f7c2fc82,
c5624580-7aaf-4cac-bf00-a0a92ce7149e,
7d04fe3e-3882-4b7e-8e25-779c8bdb937e,
6a2ae8d5-3b49-4f7e-b8e1-367f36351384,
3ab89733-a452-48be-9f3c-944f67a30636,
6cec82f0-b989-4764-a56f-326d5f408b05,
e2a3d08d-cfbc-48b0-85c9-21dd7d880141,
7bee2e4b-db74-4016-880b-d29e866e0f6a,
c5f41360-49d4-44c2-a52e-2aff63a90655,
5e437d45-fa2c-4960-91e6-98bc9f7779d9,
1393b0ce-6729-4d31-ad3e-727cdefc99de,
78bbb5b1-1143-4772-92cb-eacfa709db6b,
0ae0d630-5a1a-419a-a6ae-050bdfc98ffb,
246c8f69-8d71-4664-86ba-a815f18ce9ed,
a0e73bfe-4a03-4d9d-959d-450f67b18014,
27aba9ab-2127-437e-987c-b2738011f109,
86b8c3f1-4f1d-4c54-b053-4d177b49aa2b,
97c57b27-c6c1-475d-832d-19d4041fc8dd,
4455da7b-4d33-4ba3-b09a-ab9adbcf0b7e,
5d7fd19a-17e8-4298-bde2-e00dc27874e6,
d66e4e16-2326-4de7-8f41-d73d5aa1fbc0,
00e702bc-902a-47e1-a027-1298b611c887,
76adaa77-12c9-4b6a-af6c-a86d2067e0f7,
7e62547e-a518-4b74-9fb1-1bf0a3f14f33,
5bce6d91-34b1-4caf-8664-07f3cbcc6db3,
f0febe49-3c20-46c1-a041-fb7313b49c95,
ccb48821-a4af-43b6-9f85-aa64c320144c,
375d348b-afcc-411c-ae42-37c98b0394e5,
40500440-d346-41a5-80d9-26fddf2dcf31,
c2fe2146-c69b-49bb-b0ae-d0ef718f900b,
e3a62e9e-4362-4582-be64-5bec520de26f,
5f89e6d4-2bb9-412c-ae4c-1045133443eb,
40b8eff7-b7e8-41ad-8579-fabc1fe42e93,
68952ea7-9f41-4b79-9f6a-e49296009756,
f1194a13-2394-4718-9914-4f0b774adba3,
4d1fb690-9b53-4878-8e02-cfcf0393f83d,
9c39a955-5788-4f03-bef8-2559e2958289,
6134e6e6-9226-466c-8ff9-d0e547c26419,
e9997734-6c78-4b6f-89ee-2724d944938f,
51e1c997-971a-4442-ae09-ceb743494232,
b4cefe11-7a1f-4943-bf13-4cd6d3590296,
82a7eaa6-68ea-4adf-b3aa-7440c49e2f9e,
6f45c273-781c-4bfb-9ef0-0e85e0f7a8eb,
64650173-ae70-45c8-8746-b6eda6fd64f5,
f3eb0141-e71f-4369-b4bb-6192070b993d,
a20c6092-f8cf-4e28-9f95-6a2cf443cdea,
c6f0ddb7-8604-4805-9cdf-b8e9fa0b0530,
b67d8e86-6e41-420f-a191-836ac56137b7,
ccc2fc11-e353-43b8-8b0e-da7844ae3fbe,
3cc5ba5a-a665-4cbb-847a-b23a264d8008,
92e09c2b-1a12-454e-80c7-f722de5b0d7a,
5d6c976d-8d6c-4a4e-a8a1-77749dde8c41,
c75680b0-aff7-4510-ab6a-9a1dfb44f738,
8feab1d2-4c81-46f8-9bdf-b7f1e4763c73,
a674337c-344d-4221-b79b-c508c4ece85e,
884b1954-6848-43b4-8c17-b3b66c046639,
df986fdf-8481-4a9b-96fc-9851f6b7e531,
cd970be0-4058-486e-a7b8-ebcf9d5db216,
d312a04c-2f1f-4844-af6d-34de539729ec,
271355a3-c9e2-4d6e-8a37-a7f5163aba6a,
cd19e0a3-d20c-4280-810e-cbfe89424b07,
2b440d56-d467-4ca9-af35-f10cae2474eb,
708e14aa-1296-48d6-9497-decf261646ed,
46841ce2-e9a3-4fe6-ab10-223626475407,
263d7f4a-f363-4c2c-9b6b-69d3926f4183,
9802edf0-ef32-4c5d-bf60-666d82f23d88,
e469bc8d-67dd-4eaa-8e83-a1e59a9e0170,
bac4016b-922a-41a9-869c-ddc58c48705b,
ba8f7f56-a278-4be7-b548-12656dd958bc,
9fb99071-07e2-435d-b68b-b00d3f5fc550,
6153ecad-82ea-45cf-8493-f208afd4c0c4,
c6529ba2-45c2-4233-a31e-55296960dd5f,
db2c0b7a-3d05-495f-b824-42c772e1e9db,
fee9641d-01a2-40a8-87a4-bf88bc41cf60,
b711ffbf-1dcf-463a-8ac2-d7d796e6f67f,
8d6b9e18-8ca4-48a4-8b10-affd0ffd01ec,
abc2b2de-9513-4bd9-a235-561fdf4dbaa3,
7591b8b5-7c66-4d70-85d9-4d8d9497c7bd,
0da72630-ef01-4f0f-9918-870c577352d8,
ba198862-3875-4417-a6c9-0a690d9e36ff,
a3d4eeaa-9d21-403b-9078-f287f9107378,
1aae45ac-a83a-4449-b854-6d96d0981e96,
09606777-d82b-4aa5-962b-8585dd74d94f,
f644fa5b-f850-4a6e-bba7-23978c2da908,
833b492b-9742-48a5-8d4a-6e8bfdc6faf8,
e72e3ac1-c669-4803-80ea-52f07ce054ce,
53829e6b-096a-48fe-9938-cdf146df8dda,
d57f3494-1417-41da-a091-e7a9f41241cc,
595dd571-cd22-4b0d-9cf4-e2f8d6f90d26,
67d8031c-84a1-41b7-9dd2-3db1a395c102,
c61fccc6-32c6-499b-b929-7c5fd2b1d18e,
114d6b82-c559-413c-874c-fedc08597104,
5f9066f8-c3cb-48fc-b844-95ad84764b0d,
aa0e8e88-30c3-47f2-9ee7-81e65a40d495,
e9c070d1-d699-43ed-854d-c8587076bbe0,
822d8f33-df4f-47e3-8911-1dba814c7b70,
b51bdb57-a05b-48e3-bba8-4b8f2ccf818d,
85fc5ae8-f85d-4202-9f50-34737b7619bc,
8a48d872-e4d5-476a-a72c-c8c50a84b042,
394f4a71-1395-490d-8b4b-d2fa8a97610c,
b2389be4-034b-470a-90ec-bf0495dd4782,
0b4db73a-4a7c-4450-ba8f-b905cb017653,
844b4aa7-5d6c-43b3-9cb2-7801599da5ff,
5381749c-9e76-4410-9363-a8a1b1f5d749,
c524c75b-6977-47ce-b676-6fbeb943c76d,
e344534d-6ddb-433b-b1e7-10e086ae4670,
97271096-3c34-4891-bbde-3a7c9f0dfd24,
872e6dce-3916-42dc-8d39-bb568bf120c5,
5ff9a47b-589d-4f43-b74a-39f5c4c54fa3,
3a5f1ca8-696e-4114-88d0-ad89bc0c2883,
9c7dbd8e-c89f-4f17-9b20-4705f874858e,
f4b160e3-46c5-4f25-84c8-00d9f2abe2be,
b26153b7-51b9-4f14-96c5-bb029d4f2606,
77790a33-f77f-46de-99bb-e5a9b3cf94ae,
b94ef7e2-cc13-4405-9048-417a06bc0de9,
790eafef-36cc-451d-90bf-37b897088d55,
6939049b-2081-427e-931a-45153f0bc345,
7202c99c-feec-4cc9-8206-0a842960502c,
72172195-fbe9-4922-9263-a8f72dcd7305,
34ee3ec7-29bb-4e7a-829d-248eb806c066,
570f1a28-0858-42fe-af1e-ecc1574e0650,
f3fb569f-f0e7-4b8b-9dec-c13cd1a3e3b5,
3248a457-7fe5-4da4-8564-8de93467c5eb,
0f57d3c0-e49b-4d89-8f62-c756888e193d,
e464f62b-7fbf-4eb0-95b3-0ebad7eea482,
1af70879-fe4a-4552-acbc-e51af89173ec,
321b17ee-57f4-445d-ba39-67b1bc726a0c,
34a40374-116b-4e38-94d3-7fd9af505da5,
79a9e7f4-d858-4789-85df-462dd1e9ab8f,
39c7aebc-0c91-4255-a2b8-020bc93d72ef,
d2238236-c534-4687-a8db-fadc0ebb7135,
233ee5f4-13f6-445e-b380-42546e178345,
420b1bf1-6eae-44df-a765-273356231bb6,
491c8086-51ec-49d4-911a-65eb1dadf7cf,
4fa38919-ba2a-4c1f-bb15-0f00a5fb2ba7,
a36af177-805f-44a9-8843-4b8a2a2a673d,
980301d8-8e52-4780-b570-0f028ddc94fa,
1ea3658c-5220-460b-b924-b6acd2fc90b1,
d2dae415-3208-4fe2-85b1-db3a76efc93a,
c318f492-7d62-4617-9a21-947500057cd6,
45ac4276-d1a7-43d6-bbd9-d15be736a5ef,
69897587-495a-48ee-8a4a-49aa97ebe32e,
f51ddff4-bad8-46eb-b176-122434c5d061,
0ab935ae-c530-4fb0-aa80-19966d1f4806,
f61acfac-2370-48e3-886f-75d5b1dc80d8,
d880ee05-ce81-4ec5-a2b7-d8c814da03b8,
f3abec0a-de1b-4ae6-a082-9aae816cd617,
cf694798-b79c-42de-be9a-57fd5d6376a2,
41a242c3-f838-45bb-af9b-a4cfc7d86a2e,
59b18ef5-3a43-4a2c-a2da-437808450567,
340044e7-e58f-470f-b5b3-b20ce193b10f,
7652bdeb-1235-428d-b353-42332967a852,
bacd1912-2562-453e-a797-ff5ef354fe3b,
8e0a478e-f536-4da1-a6e7-2f75b0bea8d9,
ed45a968-2a58-4283-bc4d-6873a59c61c5,
44cf37ac-e49c-45f1-ae19-2ee96646e907,
fe89a3f1-78dc-4376-bbc1-d4638462cec0,
213138cd-99be-4efa-a9ad-e7ccbe00f079,
0ef5d12a-bacf-4cb9-93e6-8b1833bb3437,
67777b2a-32f6-4ecc-899d-94a657ad051d,
f44eb698-1dc5-44cb-9878-f405ef08843a,
74f18c8a-89a2-4fca-a422-2ccc4be8e0ba,
b0777eb9-eb59-4b01-a0dd-0fbde9377288,
bc3d501c-404a-48a2-bc38-6854a8a20bec,
319dbc62-58db-4c57-b934-ddb213894415,
07d6f235-8aab-4235-b2d3-079c52227e1c,
70f03c72-0a52-46b9-aa5a-f4a28e0821ce,
1b91a685-67b8-4588-8745-1f1a87dfdfd6,
4e0ae683-9286-4050-b8d3-074270acdba1,
11df561b-7a2f-4683-aa1b-60818eae0a37,
e145adae-b3c2-46ab-ad4d-fc7e626a8801,
a10668f2-27c1-4947-9c16-a201d44256dd,
b352d58c-5f13-4eae-8b48-fe12d4cf3da8,
e7365a26-93ed-4df7-b500-0f0360e68de7,
fbb77270-de59-4f98-93f8-2ee3af52986c,
80395ee0-26eb-4b29-bcb7-e0bb3d47d64c,
a8955bc4-126a-4ef9-a773-75e6d34c26ed,
3a79d6de-6974-4d35-b496-dd21dc905cf1,
1cc0f59d-37f3-4ac8-b567-8d4c2286af78,
bfa326dd-307e-4b43-a1c8-7c7e1810d8a5,
b0f5a333-25d5-46a6-b653-84c855d98147,
03581d36-b9e9-41a2-b715-2c2cd0ea3db1,
1a456529-a16b-444c-918c-1b81cebff9ff,
ec60e676-f1e0-4b76-b62e-711c6a424ef2,
e1825655-db65-43f8-a179-a78e78a0439b,
8558b71e-2b0a-49fa-afb1-1c5391a32dad,
eb232f0e-54b0-483c-84c9-eb83e1667915,
a4726a69-aa89-4f68-ad51-524eab22f567,
62ac0fe6-92e0-451c-8c23-290b9428236a,
ba9a80fc-8a5e-4cf8-847d-3aa102338a8c,
1c4ec93e-31ef-4044-a2b8-1a3aeee45501,
05ebd099-0832-4e6f-be69-37cad2b98bc1,
8d27d7c9-f0dd-42bb-ba38-409462431c54,
3b7c2689-1e2b-422e-a365-1a8f656d23fa,
5839b55c-d5e4-4546-b6da-978bd1c81fb7,
625a1740-60e4-4e50-a69b-f0bafad812aa,
de97c92a-dbaf-41e7-ae87-809b4946cad6,
5f4d21c9-0f8e-495c-8f45-2a75d4b6bad4,
535c521a-76c3-47fe-bc3e-36c31787498e,
08dc5dd7-0d91-43a1-935f-7bb6f32919ee,
404ad1fb-fa2b-4f3b-af17-c61c17472c30,
8ff1c309-a039-4071-a950-8ff14181a0ab,
776a2e7c-6da7-488c-9548-d9519fc8a859,
2f70f71e-cdd8-4584-b8d4-9b548fff8b4a,
061f94ce-1f43-425c-8524-0bab06a656f2,
2a6e9402-21e6-49ba-9a92-87bceab99bf8,
f4d468f2-c675-49d8-b006-43685dc5fc6e,
8c0ff441-d907-4fc2-bb13-2c12cd8a108f,
02af907c-0bb1-49ae-b4dd-863a80559a59,
a57cf9cb-2227-487b-bca9-46057b8e7390,
7e7d3f4f-ad40-421e-a87b-c8c0d43d6a08,
7eaa3f45-eebf-403a-9959-62abbae6553f,
4ea2728f-1b10-4da5-a075-3937cd9a0b8f,
8472e675-9c2c-42ec-8414-769e99c9e2ad,
32ca956d-290a-413c-a5b0-e6e968322b58,
cdb76aa0-343d-4701-9013-14149cfbbdb4,
e6f67b30-0a5d-4ef2-945c-dae6e6e98393,
01ec5d33-b30b-43f7-9e04-61a98f137697,
f0828117-b0cf-4b1b-9db2-80379232b451,
fe09869b-addf-425a-b647-86d8215a6c14,
03f75e6e-4049-4b86-af2b-d7fb4be7ab74,
fc2d9643-0b56-4f2e-b844-0d36c2048c03,
6fd1c1f3-30c6-46da-ab10-4d315209b931,
8c5017c3-8312-4f6b-9c10-70bc107b5161,
